articleid,text,headline,date,Economic Sentiment_positivity
nyt_1030597130,"WASHINGTON -.The nation’s governors said Saturday that passage of a $787 billion bill to stimulate the economy might help them avert draconian budget cuts, but that they did not expect to see signs of an economic recovery until late this year or early 2010.</br></br>The officials, arriving here for the winter meeting of the National Governors Association, said that state revenues were coming in far below their projections and that the new federal measure, while helpful, would not be a panacea.</br></br>Gov. Jon Huntsman Jr. of Utah, where the economy is better than in most states, said the revenue figures were ""still dismal.""</br></br>Asked when the recovery would start, Mr. Huntsman, a Republican, said: ""We were hoping in the fourth quarter of this year.</br></br>Gov. Steven L. Beshear of Kentucky, a Democrat, said: “If the experts are correct, next year may be even worse than this year. I think very probably they are correct,""",Nation's Governors See a Dismal Economic Outlook and a Slow Recovery,2009-02-22,negative
nyt_1030614521,"Stock markets pushed higher on Tuesday as investors shrugged off economic reports showing more troubles for America’s factories and service sector. Worries from the Federal Reserve that the recession could persist despite their best efforts did not hold back gains, either.</br></br>Technology, transportation and basic-materials sectors led the major indexes higher as Wall Street recouped its losses from Monday.</br></br>By the end of the day, the Dow gained 62.21 points, or 0.69 percent, to close at 9,015.10.' The broader Standard & Poor’s 500-stock index finished 7.25 points, or 0.78 percent, higher to 934.70, while the technology-heavy Nasdaq was up 1.5 percent, to 1,652.38.</br></br>The computer maker Hewlett-Packard gained 8 percent to close at $39.31 a share. Dell, Sun Microsystems and Intel all posted gains.</br></br>Shares of Apple fell back 1.65 percent to close at $93.02 a share, as the computer maker announced a new price structure for downloading iTunes. Apple shares had risen on Monday after its chief executive, Steven P. Jobs, addressed swirling concerns about his health.",Investor Optimism Outpaces Worries: STOCKS & BONDS,2009-01-07,negative
nyt_1030629635,"WASHINGTON — The stimulus bill working its way through Congress is not just a package of spending increases and tax cuts intended to jolt the nation out of recession. For Democrats, it is also a tool for rewriting the social contract with the poor, the uninsured and the unemployed, in ways they have long yearned to ■do.</br></br>With little notice and no public hearings, House Democrats would create a temporary new entitlement allowing workers getting unemployment checks to qualify for Medicaid, the health program for low-income people. Spouses and children could also receive benefits, no matter how much money the family had.</br></br>In addition, the stimulus package would offer a hefty subsidy to help laid-off workers retain the same health plans they had from their former employers.</br></br>Altogether, the economic recovery bill would speed $127 billion over the next two and a half years to individuals and states for health care alone, a fact that has Republicans fuming that the stimulus package is a back door to universal health coverage.</br></br>The House plans to vote Wednesday on the $825 billion bill, and the Senate is expected to vote on a similar measure next week.",Stimulus Plan Offers Road To Retooling Social Policy: Relief for Jobless and States on Health Care,2009-01-28,negative
nyt_1030648729,"5.p; of the labor force has currently been out of work for at least 15 weeks, a post-Depresslon high.</br></br>The u.s. economy is not only shedding jobs at a record rate; it is shedding more jobs than it is supposed to. It’s bad enough that the unemployment rate has doubled in only a year and a half and one out of six construction workers is out of work. What truly troubles President Obama’s economic advisers is that, even adjusting for the recession, the contraction in employment seems way too high. As one administration official said, “This has been a very steep job loss.’’ One proof, he added, is that the country is deviating from the standard (among economists) jobs predictor known as Okun’s Law.</br></br>Tn the 1960s, Arthur Okun, a prominent economist, claimed to ""have discovered a mathematical relationship between the decline in output (that is, goods and services produced) and the rise in unemployment. It held up pretty well until recently. But this time around, although the decline in output would have predicted a rise in unemployment to 8 percent, the actual jobless rate has soared to 9.5 percent. So this recession is killing off jobs even faster than the things — like automobiles, houses, computers and newspapers — that jobholders produce.</br></br>The Federal Reserve now expects unemployment to surpass 10 percent (the postwar high was 10.8 percent in 1982). By almost every other measure, ours is already the worst job environment since the Great Depression. The economy has shed 6.5 million jobs — nearly 5 percent of the total, far outstripping the 3 percent that were lost in the early ’80s. Economists fear that even when the economy turns around, the job market will be stagnant. Keith Hall, the commis-</br></br>Explanations for the collapse of the great American job machine begin with the marked absence of what is called labor hoarding. Usually during recessions, firms keep most of their employees on the payroll even as business slows, in effect stockpiling them for better days. In the current downturn, hoarding seems to have gone into reverse. Not only are firms laying off redundant workers, but they seem to be cutting into the bone. Hall says the absence of hoarding means that firms do not expect business to pick up soon. This is supported by other evidence, like a doubling in the number of involuntary part-time workers (there arc nine million of them) and the shrinking workweek, now 33 hours — the shortest ever recorded. Presumably, before companies start to rehire laid-off workers, they will psk their current employees to work more.",THE WAY WE LIVE NOW: The New Joblessness,2009-07-26,negative
nyt_1030649477,"A small shiver ran through Wall Street on Thursday: retail sales Tell unexpectedly, first-time unemployment claims rose and stock markets hesitated.</br></br>Shares spent the day searching for. some direction, but closed ,'Jjigher to extend their gains from a sharp move higher on Wednesday. The Dow Jones industrial average was 36.58 points,' or 0.39 ■percent, higher at 9,398.19, while The Standard & Poor’s 500-stock :index was up 6.92 points, or 0.69 ^percent, at 1,012.73. The Nasdaq .was 10.63 points or 0.53 percent fiigherat 2,009.35.</br></br>Shares of basic-materials companies led the markets higher, ‘and prices of commodities like ■oil, gold and copper rose on speculation that demand for raw materials would revive when tile .global economy kicked into a piigher gear. Financial shares also rose, and Bank of America gained 6.7 percent.</br></br>On Wednesday, the Federal Reserve decided after a two-day meeting to keep interest rates unchanged and said the economy was leveling out. The Fed added that it would wind down a program to purchase longer-term government securities at the end of October. Investors' and-.Fed watchers took the statement as another signal that the recession was scraping bottom.</br></br>goods and services in July, suggesting that retailers could continue to struggle through the rest of the year, the government reported. And first-time jobless claims rose by 4,000 to a seasonally adjusted 558,000, even as continuing unemployment claims fell. ""We’re going to continue to have good numbers and we’re going to continue to have bad numbers,” said Ryan Larson,",Retail Sales Give Investors Reason to Pause,2009-08-14,positive
nyt_1030657148,"Stocks wandered lower on Tuesday as investors balanced an improvement in housing prices against a decline in consumer confidence — indicators that painted a muddied picture of the economic recovery.</br></br>; v A closely watched measure of single-family home values showed that prices inched up in July, and that the decline from fast summer was smaller than .previous months. But consumer ^confidence dipped in September -after rising a month earlier, according to a report from the Conference Board, as people became more pessimistic about the job imarket and business conditions.</br></br>“The economy’s going in the right direction,’’ said Eric Ross, ’director of research at Canaccord Adams, “it’s not great, but it’s getting better.”</br></br>The Dow Jones industrial average fell 47.16 points, or 0.48 percent, to 9.742.20 while the broader ^Standard & Poor's 500-stock in-’ clex declined 2.37 points, or 0.22 percent, to 1,060.61, The Nasdaq composite index slipped 6.7 jioints, or 0.31 percent, to 2,124.04.</br></br>“file indexes surged on Monday but spent much of Tuesday dancing between positive and negative territory as investors mulled the competing reports and tried to. divine Wall Street’s next big move, septemoer, typically a rocky time for stocks, has treated investors well, with the S.8t P. 500 up nearly 4 percent for the month.",A Day of Wandering Ends Lower,2009-09-30,negative
nyt_1030663778,"The Labor Department reported on Friday that the economy lost 345,000 jobs last month — an improvement over the much larger monthly losses recorded since October, but still abysmal. To keep the unemployment rate from rising, the economy needs to add jobs every month.</br></br>' So even though the pace of job loss slowed, the unemployment rate rose to 9.4 percent — a 26-year high, representing 14.5 million people. Barring an economic miracle, unemployment will hit and probably surpass 10 percent this year.</br></br>Joblessness is always painful, but it is bound to be especially harmful in this recession because of the way it interacts with the housing bust and credit freeze. Already, rising unemployment is driving a new wave of foreclosures, which will further erode house values and hurt consumer confidence. Job loss combined with falling house values makes it harder for people to move to find a new job, prolonging spells of unemployment; in May, 27 percent of unemployed workers had been without work for more than six months. More foreclosures also hamper banks’ ability to resume normal lending.</br></br>As unemployment worsens, it has' an increasingly negative impact on employed people. In the first year of the recession, from December 2007 to December 2008, wage growth held up relatively well, outpacing inflation. But In May, the growth in weekly paychecks, which captures cutbacks in hours, contracted at a 2.3 percent annualized rate. A combination of rising unemployment and collapsing wage growth can only constrain consum-</br></br>Beyond a generalized sense that “this too shall pass,"" no one seems to know just how robust employment — good jobs with good pay — will resume. In past recessions, manufacturing, especially the auto industry, has been an engine of job recovery. That engine is unlikely to be as powerful this time.",News From the Jobs Front,2009-06-03,negative
nyt_1030668229,"Declan Walsh is raising broiler hens in Brooklyn this year and estimates that each will cost him $8 over its lifetime.</br></br>As Americans struggle through a dismal recession, many are trying to safeguard themselves from what they fear will be even worse times ahead. They eat out less often. They take vacations closer to home. They put off buyingnew cars.</br></br>And some raise chickens. Lloyd Romriell, a married father of four in Annis, Idaho, recently received seven grown chickens and a coop from a relative. The hens lay a total of about two dozen eggs a week.</br></br>“It’s because times are tough. You • never know what’s going to happen,” Mr. Romriell said. Although he manages a feed store, he had not kept chickens</br></br>As a backyard chicken trend sweeps the country, hatcheries that supply baby chicks say they can barely keep up with demand. Do-it-yourself coops have popped up in places as disparate as Brooklyn, suburban Chicago and the rural West.",Keeping Their Eggs in Their Backyard Nests,2009-08-04,negative
nyt_1030669144,"The most heartening employment report since last summer suggested on Friday that a recovery was under way — and perhaps gathering steam — despite the reluctance of tile nation’s businesses to resume hiring or even stop shedding jobs.</br></br>Employers eliminated 247,000 jobs in July, a huge number by the standards of an ordinary recession, but the smallest monthly loss since last August, the Bureau of Labor Statistics reported. And the unemployment rate, rising for months, actually ticked down, to 9.4 percent from 9.5 percent in June, mainly because so' many people dropped out of the hunt for work, ceasing to list themselves as unemployed.</br></br>“Employers are no longer in a panic,"" said Ian C. Shepherdson, chief domestic economist for High Frequency Economics. “The pressure they felt to get rid of workers in.a hurry is diminishing. What we don’t see yet is enough momentum in the economy to convince companies to hire again.”</br></br>Obama administration officials credited the stimulus package, enacted in February, for the continuing improvement, from a peak of 741,000 jobs lost in January. Some said the July loss would have been closer to 500,000 without the American Recovery and Reinvestment Act. The president, appearing briefly in the White House Rose Garden, said his administration had “rescued our economy from catastrophe.”</br></br>Responding to a report that was better than expected, stock-investors drove up the Dow Jones industrial average by 114 points, or 1.2 percent.","Job Losses Slow, Signaling Momentum for a Recovery: Unemployment Rate ...",2009-08-08,negative
nyt_1030675434,"WASHINGTON (AP) - Consumer sentiment rose more than expected in August, an indication that Americans’ pessimism about the economy might be lifting.</br></br>,i. The New York-based Conference Board said Tuesday that its Consumer Confidence index rose to 54.1, from an upwardly revised , Economists surveyed by Thomson Reuters had expected a slight increase to 47.5. Still, the index is far below 90, the minimum level associated with a healthy economy. Above 100 signals strong growth.</br></br>Economists closely monitor confidence because consumer spending accounts for about 70 percent of United States economic activity. Consumer sentiment — aided by signs the economy is stabilizing — has recovered a bit Since hitting a record low 25.3 in February.</br></br>Many analysts expect the economy to grow 2 to 3 percent in the current quarter, spurred by a more stable housing market and the cash-for-clunkers program, which has increased auto sales. h But economists worry that without more consumer spending, the recovery may weaken next year.</br></br>The housing slump and a weak job market have made consumers reluctant to spend. But the outlook for jobs is improving, the Conference Board said, with fewer respondents saying positions are hard to get, and more saying they are plentiful.",Consumer Confidence Shows a Notable Rise,2009-08-26,negative
nyt_1030702651,"SANMINA-SCI, the supplier of elec-. tronics services, is loaded with debt and in each of the last eight-years has lost money. Its shares have risen more than 600 percent since the stock market rally began on March 9.</br></br>Wal-Mart stores, the discount retailer, has lots of cash on its bat ance sheet, has very little debt and has consistently turned a profit. Since March 9, its shares have gained just 14 percent.</br></br>The disparate treatment meted out to these two companies by the stock market highlights an unusual and, in some ways, worrisome phenomenon: to an extent not seen in decades, shares of companies with weak balance sheets have been soaring, generally outperforming firms with stronger fundamentals.</br></br>In part, this is a consequence of the terrible pummeling given to riskier assets of all kinds during the worst months of the financial crisis. Shares of companies that were deemed to be</br></br>MarkHulbert is editor of The Hulbert Financial Digest, a service of Market-Watch. E-mail: strdtegy@nytimes.com.",When the Performance Looks a Little Too Good,2009-12-06,negative
nyt_105860183,"Irtn. Boston Housing Authority harrowed 58,800,000 yesterday on tax-exempt one-year temporary loan notes at interest rates rang-ing from 0.6472 per cent to 0.73 per cent. A banking group headed by J. P. Morgan & Co., Inc., bought 52.800.000	of first series notes and $2,100,000 of third series notes. Chase National Bank and C. J. Devine & Company bought $3,- 900.000	of the third series issue. Of the total, $4,800,000 went at 0.73 per cent The notes are dated Nov. 14, 1949 and will come due Nov. 14, 1950.</br></br>881,000.	The loans are to be dated Dec. 16, 1949. Of the total, the following will come due on June 9, 1950: Los Angeles County, Calif.,! $5,600,000; Pittsburgh, Pa., 55,-! 127,000; Hartford, Conn., $4,325,-! 000; San Bernardino County, Calif., I $1,337,000; Denver City and County, Colo., 51,288,000; Buffalo, N. Y., $1,717,000; Johnstown, Pa., Atlantic City, N. J., $112,000. Loans coming due Dec. 15, 1950 are: Hamtramck. Mich., $1,230,000; Sacramento City, Calif., 5841,000; Superior, Wis„ 5594,000; Selma, Ala., $424,000; Greenville, S. C., $395,000; Sacramento County, Calif., $354,000; Dothan, Ala., $321,000; Tarrant, Ala., $162,000. A borrowing of 54,000,000 by the Chicago Authority is to come due March 17, 1950. Detroit will take bids Nov. 15, on $860,000 of street bonds dated Sept. 1, 1949 and due Sept. 1, 1951 to 1954.</br></br>Jackson County will offer on Nov. 21 an issue of $1,400,000 of school bonds dated Oct. 1, 1949 and due April 1, 1953 to 1956. _</br></br>On Nov. 9, Malden will take bids on $533,000 of transit assessment bonds dated Nov. 1, 1949 and due Nov. 1, 1950 to 1959.</br></br>Helena will offer on Nov. 28 an issue of $400,000 water revenue bonds dated .Jan. 1, 1950, due Jan. 1, 1951 to 1970, and callable on Jan. 1, 1955 and Jan, 1, 1960.","$8,800,000 IS LENT TO BOSTON HOUSING: 17 Local Authorities Also Plan to Take Bids Nov. 18 on $28,881,000 Notes",1949-11-05,positive
nyt_107806399,"The stock market reverted yesterday to the previous low levels for the month under a final-hour selling wave which carried prices back from 1 to 3 points and more. More than half of the day's business was crowded into the closing period when an onrush of selling forced the ticker tape to lag behind actual floor transactions. Final quotations were a shade above tha worst of the session and the composite rate ended the day with a loss of 0.84. The late activity raised transfers on the Stock Exchange to 1.280,000 shares, heaviest in two weeks, against Monday’s turnover of 810,000 shares.</br></br>There was considerable disposition in Wall Street to lay the blame for the liquidation on the further rise in commodity prices on the premise that any new advance in living costs would unsettle the labor wage situation. The international picture remained a drag on the list, in the opinion of financial observe s, as did the continued indecision of Congress over the budget and tax matters. The market broadened tp include 1,024 issues, of which only 120 showed gains at the finish.</br></br>Pivotal issues were slightly lower at the opening and, after losses had grown to a point and more in the paper and rubber stocks, a firmer trend developed in the second hour. Norfolk & Western shot ahead 18 points on the proposal to split its preferred and common issues, four for one. Prices at midday were mixed. wi£h transfers to that time 350,000 shares. Quotations held a shade under the forenoon levels in the noon period, after which the rail division became unsettled. Selling of major proportions hit the list l.i the final hour with the ticker tape at times ofie to four minutes late. Prices were slightly above the lows at the close when liquidation subsided.</br></br>United States Steel, among the heaviest traded issues of the day, fell a point, with Crucible off 1% and Youngstown down almost 2 points. Chrysler cut a loss of 2 Vi to 1% and General Motors closed lower by % point after an extreme decline of lVi points.</br></br>Losses of more than a point were common in the rail and farm equipments. Liggett & Myers “B” and Douglas were weakest in the tobacco and aircraft sections, respectively. The airlines and amusements only gave way fractions. Despite the increased dividend, United Merchants & Manufacturers gave way % point and was the most active stock on a turnover of 19,300 shares. A long list of rails showed losses of 1 to 2 points, while Norfolk & Western gained 14 points.","DELUGE OF SELLING INUNDATES STOCKS: Month's Lows Are Plumbed in the Final Hour, When Half of Day's Business Is Done ONLY 120 ISSUES ADVANCE 1,024 Traded in Day -- Index Down 0.84 -- Rise in Prices of Commodities Blamed",1947-02-26,negative
nyt_107829670,"WASHINGTON, Aug. 15—Em-| ployment in non-agricultural lines,! estimated at 50,000,000, will probably remain the same for the rest of the year, but agriculture employment will probably fall off 2,000,000 to 3,000,000, Robert C. Goodwin, director of the United States Employment Service, said today.</br></br>Mr. Goodwin at a news conference based his hopes for continued high employment in nonagricultural lines partly on high export figures. In good times, according to Mr. Goodwin, and his aides, Collis Stocking and Louis Levine, 10 per cent of the country’s non agricultural employment is due to exports. That would mean, he added, that about 5.000.000 persons now owe their jobs to exports, which are higher than at the peak of lend-lease war shipments.</br></br>The layoffs in the next few months, Mr. Goodwin said, will not necessarily mean more idleness. He put present unemployment figures at 2.600,000, or 300,000 more than a year ago. This, he added, was largely ""frictional,” or persons moving from one job to another. There is no ""distress” idleness. he asserted, but some of it is due to the immobility of labor in some lines.</br></br>The number of workers on farms, in food processing plants and other jobs classed as agricultural was put at 10,300,000 in June.</br></br>Mr. Goodwin, who expressed pleasure with the progress of the Federal Employment Service in assisting veterans to jobs, said that the latest estimate was that 12, 044.000	World War EC veterans were employed. Of these more than 10,000,000 were in uniform when the war ended. He estimated that 29 per cent of nonagricultural workers comprised veterans.","JOBS IN INDUSTRY LIKELY TO STAY UP: GOODWIN BELIEVES 50,000,000 LEVEL ...",1947-08-16,positive
nyt_107840897,"A moderate . increase in shortterm interest rates on Government securities was hinted at yesterday by''Allan Sproul, president of the Federal Reserve BanK of New York, speaking at the mid-winter meeting of the New York State Bankers Association. The meeting in the auditorium of the Federal Reserve Barfc’g Building was attended by 1,000 banking executives.</br></br>“I do not think the fact that the President, in his budget message, referred to a debt policy designed to hold interest rates at present low levels, .or the fact that the Secretary of the Treasury in his recent annual report to the Congress said that no anti-inflationary purpose would be served by raising interest rates at the present time, commits us irrevocably to the continuance of the present fixed pattern of rates for Government securities,” Mr. Sproul declared.</br></br>""I think we can defrost the short-term interest rate and still have a low level of interest rates.' X think there will be a time when a modest rise in short-term rates.</br></br>and the significance of that rise in terms of the availability of credit, will serve an anti-inflationary purpose. We want to be ready to act when the time comes; not immobilized in the strait jacket of a pattern of rates. These are my personal views. I have not been commissioned by either the President or the Secretary of the Treasury to ■ interpret their views for them, and I do not keep a stock of trial balloons.”</br></br>Over the years. New York has become “more and more a Federal Reserve State,” Mr. Sproul said, as 87 per cent of all national and State banks and trust companies now are members of the system. Asserting that the .system has proved itself over the past thirty years, he urged every eligible bank to become a member, ‘‘not a free rider.”","Sproul Hints at Higher Interest On Short-Term Federal Loans: Modest Rise in Rates Might Serve an AntiInflationary Purpose, He Suggests-- Craft Warns on New Risks SPROUL SUGGESTS HIGHER INTEREST",1947-01-21,negative
nyt_108081699,"WASHINGTON, Sept. 25 </PJ— Marriner S. Eccles, chairman of the Federal Reserve Board, said today the country faces danger of “economic collapse” if inflation continues unchecked and he suggested that:</br></br>It might be better to reduce expenditures on .the nation’s military forces in order to aid foreign democracies—to place spending to “maintain peace'' above spending to “prepare for the next war.” Wartime rationing and other controls should be reimposed “if needed” to feed the “starving democracies of Europe” although voluntary rationing is the “desirable way” if it will work, v Brakes should be applied to bank expansion of private credit, and the Federal Reserve Board should be given more power to do the job.	•</br></br>Mr. Eccles spoke before the National Association of Supervisors of State Banks. He said that ""with severe distortions in wages, prices, and profits” now exerting inflationary pressures, “readjustment in our domestic situation is overdue. The sooner it can be brought about, the better it will be for the nation and the world,” he said. “The longer * * * postponed, the longer it will take to reach a stable condition of employment and production.”</br></br>Calling for ""positive action” to stop inflationary developments, he said that the United States' expenditure of $25,000,000,000 on military forces in the first two postwar fiscal years compared with $16,500,000,000 spent on foreign aid in that period.</br></br>“It may be we could spend less on military forces if we spent more to maintain conditions on which democracy and peace depend."" he said.","ECCLES SEES CRASH THROUGH INFLATION: Federal Reserve Head Urges Brakes on Private Credit, Possible Military Cut",1947-09-26,negative
nyt_108097742,"Despite declines on Friday, prices last week were still at unparalleled altitudes, and everyone from worried housewife to potential Presidential candidate was talking about the consequences of inflation.</br></br>prices; (2) What are the causes of the rise, and (8) What, if anything, is being done to bring prices down?</br></br>There is much confusion over the answers. Last week a Congressional subcommittee, moving from city to city before opening a four-day hearing tomorrow in New York, heard contradictory testimony as to the causes of the price puzzle and conflicting proposals for its solution.</br></br>Last week every wholesale price index whirled upward. The Dun & Bradstreet wholesale index of thirty-one basic foods reached on Tuesday a record high of $7.12, compared to $7.02 the week before, and $5.03 a year ago. As with food, so with most other prices. The Associated Press’ weighted wholesale price index of thirty-five commodities hit 195.31 as against Hl.50 a year ago and 100 in 1926.</br></br>The latest increases in prices of steel and steel products show’ the effect of an increase in the price of a basic commodity.	|",THE COST OF LIVING: CAUSES OF THE RISE AND OUTLOOK: FOOD LEADS WAY IN RECORD GAINS Large Increase in Consumption and Speculation in Grains Among Causes of Rise SOME ASK RETURN OF PRICE CONTROL Sentiment for Restoration Is Strongest Among Housewives and Labor Organizations,1947-09-21,negative
nyt_108170139,"The stock market lost more ground 'yesterday, although some recuperative power developed in the late trading. Demand was not sufficient, however, to overcome the early losses and, while fractional setbacks were general, a few recently favored issues lost a point and more and the combined averages dipped 0.49 point on the day.</br></br>weakness in the film section provided the opening wedge for liquidation and even the' long-favored oils felt the pressure of sales. The losses occurred on comparatively light selling, however, with volume on the Stock Exchange at 1,580,000 shares, compared with 1,630,000 shares on Tuesday.</br></br>The film stocks, particularly Paramount Pictures, were upset by the comments of that company’s president, Barney Balaban, to the stockholders. A gloomy outlook was painted at the annual meeting as he warned that production had entered a critical period marked by a severe contraction in profits. Threat of a stoppage of soft-coal production still remained the major bearish influence.</br></br>Weakness in Montgomery Ward obviously was associated with the internal fight for control of the Chicago mail order house.</br></br>Barge blocks of oil stocks changed hands at the opening of the market, with irregular price changes. The list then turned easier for the rest of the first hour, with film issues softest, as Paramount slipped more than 2 points. Buying in selected steels and oils helped steady the list in the second hour. This quiet recovery made some further headway in the early afternoon but a hesitant mood developed as the final hour started. The market was disturbed by cross-currents during the last thirty minutes, despite a moderate lift to selected rails and some specialties.","STOCKS SINK MORE IN LIGHT SELLING: Early Trading Is Marked by Weakness and Later Demand Fails to Recoup Losses PRICE INDEX FALLS 0.49 Movie Issues Lead the Decline, Based on Balaban Remarks -- Coal Halt Still Feared",1948-06-17,negative
nyt_108278576,"LOS ANGELES, Sept. 17—Secretary of Labor Maurice J. Tobin said at a press conference here today that the coming Presidential campaign would be built around ""food”—the cost of living—with the Democrats being presented as able to stop inflation “before it is too late.” ""The issue in this campaign i3 food,” he said. ""The cost of food has gone up 51 per cent—you can thank the 80th Congress.""</br></br>Secretary Tobin said America never would see a great depression again, referring to numerous enactments under President Roosevelt as ""insurance policies.” Among them, he said, were the Security Exchange Act, social security program, unemployment compensation, old-age assistance 'and bank-deposit insurance. Nevertheless, he saw the possibility of a recession.</br></br>“The higher the inflation—and we’re still in that upward spiral— the greater the depression, with all of its attendant misery,” he said. “With proper handling, there could be a gradual recession that would stop this inflation before it is too late.”</br></br>The secretary declared that even the Republicans were admitting that the Senate would be Democratic. He said that in his travels about the country he found reason to believe that the House, too, would swing over into the Democratic column.</br></br>In an address before a combined meeting of the Democratic Women’s Forum and the Democratic Luncheon Club, Secretary Tobin sailed into the National Manufacturers Association, which, he said, had advanced millions of dollars in the 1946 elections.","TOBIN CALLS FOOD CAMPAIGN'S THEME: Cost of Living Will Be Issue, He Says, With Democrats Held Able to Stop Inflation",1948-09-18,negative
nyt_108335759,"An appeal by President Truman to the mayors of 250 cities in the United States to back his antiinflation program was made public here yesterday. The President warned that unless the rise in the cost of living was checked, ""the living standard of millions of families will be critically endangered.”</br></br>Mr. Truman made his appeal in a letter to the United States Conference of Mayors, which opens its annual three-day meeting at the Waldorf-Astoria Hotel today. He also asked the mayors for support of a broad, long-range housing program, and for qualitative and. quantitative improvements in American education.</br></br>The President recalled that in his State of the Union message last month, in his Budget message and in his Economic Report to [Congress, he had made specific recommendations which “directly affect the continued progress and welfare of our great municipalities arid the millions of our citizens who now live in urban areas.”</br></br>Renewing the warnings that he has frequently voiced recently to the effect that the sharp rise in the cost of living was threatening to undermine our whole economy, Mr. Truman told the mayors that it was of basic importance to establish our economy on a sound basis.</br></br>""If this rise is not permanently checked, the living standard of| millions of families will be critically endangered,” he wrote. “Moreover, you and your colleagues know from first hand experience that the financial stability of our city governments is being threatened by increased costs resulting from inflation.”",TRUMAN ASKS HELP OF MAYORS' PARLEY IN INFLATION FIGHT: Letter Declares High Prices Imperil Living Standards of Millions of Families HOUSING NEED IS STRESSED City Officials From Europe and Canada Will Be Guests at Sessions Opening Today GREETING AN ARRIVAL FOR PARLEY HERE TRUMAN ASKS HELP OF MAYORS' PARLEY,1948-02-16,negative
nyt_108399805,"WASHINGTON, Aug. 25 UP)— The Federal Reserve Board, preparing to restore controls on instalment buying Sept. 20 to ease the upward pressures on prices, reported today the following developments : 1.	During the three years since V-J Day, “the American public has gone into debt more rapidly than I in any other period in our history.” 40,000,000-odd American families probably will owe more than $50,-j 000,000,000 for home mortgages and consumer-goods purchases by! the end of this year.</br></br>Mortgage debt has jumped $10,-000,000,000 in the three post-war years to a present total exceeding $32,000,000,000, chiefly as the result of home buying, the Reserve Board said in its August bulletin.</br></br>Credit given to retail buyers has expanded more than $8,000,000,000 I during the same period to a total of $14,150,000,000. Installment | buying accounted for slightly more 'than half of the total outstanding.</br></br>More than one out of each four I families was a time-payment buyer last year, compared with one out of each seven or eight during the ■year before.</br></br>The board undertook to rebut a I contention, advanced by the Amer-ican Bankers Association and others, -that installment credit was not an especial economic danger at this time. The argument has cited that installment credit was less now than before the war in terms of income after taxes.",CREDIT PERIL TOLD BY RESERVE BOARD: It Says Public Has Gone Into Debt Since War Faster Than Ever Before,1948-08-26,negative
nyt_108439565,"WASHINGTON, May 16 — In a report that largely dispelled fears of accelerating inflation, the Labor Department said today that consumer prices climbed a modest two-tenths of 1 percent last month, the smallest increase since September.</br></br>Economists said the report on the Consumer Price Index was important confirmation that price pressures have abated since a late-winter surge and that inflation might turn out to be little, if any, worse this year than the</br></br>The report for April was in sharp contrast to the one for March, which showed an increase of five-tenths of 1 percent and was even higher when the erratic food and energy components were excluded. The March data worked out to a worrisome annual pace of 8.5 percent for the first quarter. But factoring in today’s report, the annual rate for 1990 now stands at “There was a fear out there that we were moving toward 5 percent inflation” for a sustained period, commented Kevin Logan, chief economist for the Swiss Bank Corporation in New York.</br></br>With today’s report, and the one last Friday showing a decline in the price that American producers received for their goods in April, Mr. Logan said inflation now had probably stabilized.</br></br>The low overall rise in last month’s price index was largely anticipated and thus made little impact on the financial markets. Still, analysts said they were heartened by the fact that 'so-called core inflation, which excludes food and energy, eased to two-tenths of 1 percent from seven-tenths of 1 percent in March.",Consumer Prices Up By 0.2%: Small Rise in April Eases Inflation Fears After Winter Surge Consumer Price Index Rose Moderate 0.2% Last Month,1990-05-17,positive
nyt_108451541,"WASHINGTON. Sept. 19 — The chairman of the Federal Reserve, Alan Greenspan, said today that while the Persian Gulf confrontation had “introduced new and substantial risks” to the economy, there was still no clear evidence of actual or imminent recession that would force a cut in interest rates now.</br></br>“We have not tilted down,” Mr. Greenspan declared, at the same time expressing concern that the nation’s basic inflation rate has, in fact, crept higher amid ever-slackening economic activity.</br></br>He spoke shortly after publication of yet another dose of poor news: a drop last month in housing starts and' building permits and a Federal Reserve survey showing economic activity “expanding more slowly or declining” in most of its 12 districts throughout the country.</br></br>For some time Mr. Greenspan has said that once the Bush Administration and Congress reach agreement on a long-term plan to cut the Government’s budget deficit, he would play his part by cutting rates. He indicated today that he still held that position, and seemed unwilling to move before such a deal was reached.</br></br>Economists generally interpreted Mr. Greenspan’s remarks before the Joint Economic Committee of Congress to mean that conditions do not yet require the central bank to relax its tight grip on monetary policy.",Greenspan Cools Hope Of Rate Cut: Says Recession Isn't In Sight Now but Inflation Is a Worry Fed Chief Sees No Clear Need for Rate Cut,1990-09-20,negative
nyt_108454963,"ONE big reason for the angry | mood of many voters last f week was pain in the pock-etbook, actual or expected, from sinking incomes, lost jobs, failing businesses, higher fuel prices and rising taxes. Even more disturbing than the perceived pain was a gnawing anxiety that the American economy might be headed not just for another brief recession, the 10th of the post-World War II period, but for a real depression.</br></br>Despite the headaches that are the hangover of the wild excesses of the 1980’s, the United States economy has not yet cracked, nor is it inevitable that it will. But those who believe that anxiety is warranted say the nation’s weakened financial structure might buckle if the economy goes into steep decline. James J. O’Leary, economic consultant to the United States Trust Company of New York, ticks off some major areas of stress: • As corporate profits decline, heavy interest payments on outstanding debt are increasing the risk, or reality, of business failures and creating rising losses for lending institutions. Cost-cutting and layoffs are the order of the day. Productivity is picking up, but the job losses and falling incomes are chopping into sales.</br></br>• Many commercial banks and life insurance companies are experiencing high and rising delinquency and foreclosure rates, and losses on their mortgage and business loans. Declining real estate prices in some areas are increasing the losses.</br></br>• The junk bonds issued during the go-go years, now gone, are raising grave problems for the corporations that used them to finance mergers and acquisitions, and for the people and institutions that acquired the bonds.</br></br>• Belatedly reacting to the savings and loan debacle, the Federal Reserve, the Federal Deposit Insurance Corporation and the Comptroller of the Currency are tightening • credit standards, especially on commercial mortgage loans. Banks and life insurance companies are far less willing to make such loans, except on terms that better reflect the risks. Bond rating agencies are lowering the ratings of some commercial banks and insurance companies, making it costlier for them to borrow. The slowing economy and the falling dollar, now at its lowest level ever against the German mark and Swiss franc, are stanching the flow of foreign capital to the United States. An enormous credit crunch looms.",Why It's Too Soon To Predict Another Great Depression: Taking the Pulse of an Ailing Economy Why It's Too Soon to Predict Another Great Depression,1990-11-11,negative
nyt_108490915,"While Administration and Congressional negotiators reached an 11th-hour budget deficit agreement yesterday, the pact had been expected and discounted late last week by the credit markets.</br></br>“Not only is the agreement just a starting point but the disgraceful spectacle gave the nation a fiscal result that must still be hashed over in Congress,” Donald H. Straszheim, chief economist at Merrill Lynch & Company, said yesterday. “We still don’t have a national fiscal policy.”</br></br>Last Friday, when Merrill Lynch added its mighty voice to the chorus of credit market analysts who say they believe that the nation is already in a recession, it raised the prospect of a substantial decline in interest rates. How deep will the decline be, and how soon will it become manifest? “We believe the recession, which probably began in late June, will not be as severe as the ones in 1974-75 and 1980-82,” Mr. Straszheim said. “And we expect the Federal Reserve to respond by easing credit within a month. Unless two wild cards turn up, we can expect short-term rates to drop 1.5 percentage points and long yields to fall half as much within six months.”</br></br>The two wild cards, Mr. Straszheim said, were a further deterioration in the ""fragile commercial banking industry and a sharp rise in the debt levels of all sectors of the economy.”</br></br>As it was, the discount rate on 90-day Treasury bills fell to 7.13 percent Friday from 7.37 percent the week before, while at the long end the yield on the benchmark 30-year bonds declined to 8.93 percent from 9.12 percent. But the decline in short-term rates last week was clouded by the usual “window dressing"" that occurs at the end of a quarter, when many investment portfolio managers seek to unload unprofitable investments and show large cash balances on their accounts.",Budget Accord Is Played Down: Pact Is Termed 'Just A Starting Point',1990-10-01,negative
